{"train_loss": [0.9238329529762268, 0.5135802924633026, 0.8654192984104156, 0.47542642056941986, 0.5523906648159027, 0.3879091441631317, 0.37104687094688416], "val_loss": [0.61911541223526, 0.7486311793327332, 0.91717129945755, 1.0551880598068237, 1.0891804695129395, 1.0571563243865967, 0.9855852127075195], "val_acc": [66.66666666666667, 66.66666666666667, 66.66666666666667, 33.333333333333336, 33.333333333333336, 33.333333333333336, 66.66666666666667], "lr": [0.0001, 0.0001, 0.0001, 0.0001, 0.0001, 5e-05, 5e-05]}