{"train_loss": [0.1429136980857168, 0.16446388406412943, 0.1390040378485407, 0.1670496282832963, 0.11774849040167672, 0.13738350916121686, 0.13419560396245547, 0.06955449229904584, 0.10252378987414497, 0.0788214738879885, 0.15457142663321324, 0.0942073246198041, 0.09401912880795342, 0.11856378042804343, 0.13124704440789564, 0.06794116060648646, 0.08308144020182746], "val_loss": [0.019424004945904016, 0.010564891621470451, 0.008677329402416945, 0.009038744727149606, 0.006640481064096093, 0.008910487405955791, 0.009566586464643478, 0.006179319927468896, 0.005085762590169907, 0.004854684229940176, 0.0035211635986343026, 0.002999751130118966, 0.0027694583404809237, 0.0032273174729198217, 0.003522783168591559, 0.004506881232373416, 0.0036743899108842015], "val_acc": [100.0, 100.0, 100.0, 100.0, 100.0, 100.0, 100.0, 100.0, 100.0, 100.0, 100.0, 100.0, 100.0, 100.0, 100.0, 100.0, 100.0], "lr": [0.0001, 0.0001, 0.0001, 0.0001, 0.0001, 0.0001, 0.0001, 0.0001, 0.0001, 0.0001, 0.0001, 0.0001, 0.0001, 0.0001, 0.0001, 0.0001, 0.0001]}