{"train_loss": [3.1102492809295654, 2.0759589672088623, 2.5801265239715576, 2.214203357696533, 1.7760114669799805, 1.5595901012420654], "val_loss": [2.0915603637695312, 2.0621955394744873, 2.06607723236084, 2.2615795135498047, 2.4396510124206543, 2.6498446464538574], "val_acc": [0.0, 0.0, 0.0, 0.0, 0.0, 0.0], "lr": [0.0001, 0.0001, 0.0001, 0.0001, 0.0001, 0.0001]}