{"train_loss": [0.448569821814696, 0.36339268762440907, 0.28565855891931624, 0.35198945694026496, 0.36496087482997347, 0.26675248695980935, 0.31345596022549127, 0.29046390915200826, 0.3033827170729637, 0.2684608183446385, 0.2229857242533139, 0.2034857093933083, 0.19659095860662915, 0.18696830297509828, 0.20650038974625723, 0.16715563940150396, 0.14946903394801275, 0.15483582693906056, 0.1721245836732643, 0.1727889586417448, 0.1551577943776335, 0.15542556948605038, 0.15096703934527578, 0.20284521340259484, 0.18181680577496687, 0.19819434288711774, 0.1694480339952168, 0.14644321267093932, 0.12995725887871923, 0.12342262019713719, 0.1506969609430858, 0.13264938004847085, 0.13001785196718715, 0.11733939880061717, 0.09879736987031287, 0.14677624493127778, 0.11190477607860452, 0.10889771935485658, 0.13267033454030752, 0.11069602900672526, 0.10994788884584393, 0.09559422527395543, 0.11690827915888458, 0.11222994504939943, 0.12287321935097377, 0.08996939641379174], "val_loss": [0.4107076090978808, 0.3315804277663119, 0.26554622274124995, 0.4291112615959719, 0.2912998521584086, 0.4077688709745416, 0.2338127241062466, 0.3438998332247138, 0.23865686120116153, 0.33868824948731346, 0.2572254867700394, 0.22776172223093455, 0.24445104182959768, 0.23673623416980263, 0.200287812697934, 0.1827299355820287, 0.2440604398434516, 0.18112545936601238, 0.23608509782061446, 0.1750384099141229, 0.1871800279826857, 0.1719896283582784, 0.20328966066299473, 0.16586650526733138, 0.24796775819850153, 0.16842755928228142, 0.1951719282893464, 0.15255864994833246, 0.12590798096207437, 0.16152158195909577, 0.22894180750881787, 0.1992323127342388, 0.10809505935612833, 0.11980583644763101, 0.14586149720998948, 0.12259826539666392, 0.1367238655599067, 0.11809763477212983, 0.12267328838934191, 0.13452849892200902, 0.10491967508860398, 0.1625907498601009, 0.11428341045393609, 0.10103526281891391, 0.08681743464549072, 0.06374255004120641], "val_acc": [85.71428571428571, 85.71428571428571, 89.6103896103896, 84.41558441558442, 89.6103896103896, 85.71428571428571, 90.9090909090909, 88.31168831168831, 89.6103896103896, 88.31168831168831, 85.71428571428571, 90.9090909090909, 89.6103896103896, 90.9090909090909, 89.6103896103896, 93.50649350649351, 89.6103896103896, 90.9090909090909, 92.20779220779221, 94.8051948051948, 89.6103896103896, 90.9090909090909, 89.6103896103896, 92.20779220779221, 89.6103896103896, 90.9090909090909, 94.8051948051948, 93.50649350649351, 96.1038961038961, 94.8051948051948, 90.9090909090909, 92.20779220779221, 97.40259740259741, 96.1038961038961, 92.20779220779221, 94.8051948051948, 92.20779220779221, 97.40259740259741, 96.1038961038961, 96.1038961038961, 94.8051948051948, 93.50649350649351, 96.1038961038961, 97.40259740259741, 97.40259740259741, 97.40259740259741], "lr": [0.0001, 0.0001, 0.0001, 0.0001, 0.0001, 0.0001, 0.0001, 0.0001, 0.0001, 0.0001, 0.0001, 5e-05, 5e-05, 5e-05, 5e-05, 5e-05, 5e-05, 5e-05, 5e-05, 5e-05, 5e-05, 5e-05, 5e-05, 5e-05, 5e-05, 5e-05, 5e-05, 5e-05, 5e-05, 5e-05, 5e-05, 5e-05, 5e-05, 5e-05, 5e-05, 5e-05, 5e-05, 2.5e-05, 2.5e-05, 2.5e-05, 2.5e-05, 2.5e-05, 2.5e-05, 2.5e-05, 2.5e-05, 2.5e-05]}